{"val_loss": [10664.684710190584, 10902.187287205548, 9067.835730856814, 8559.597582912313, 8378.477810336102, 8182.467495450873, 7870.55023100669, 7969.3318590145755, 7671.751614945855, 7733.762242731058, 7391.6031384597545, 7267.491157710799, 7146.445958944602, 7231.807003100238, 7434.272525567916, 7116.952978408891, 7164.163378557959, 7039.922270984184, 7043.345797416311, 6958.7488511459, 6909.60410996642, 7044.549594561406, 6912.683143050453, 6925.921267035915, 6880.519402944158, 6840.2425943542285, 6880.119723253737, 6864.333750570748, 6896.452050691369, 6837.449294699868, 6856.321318863835, 6960.949136002844, 6823.9273557772685, 6929.913495207294, 6819.839711118611, 6821.168830994467, 6800.768560445534, 6941.312146119681, 6826.019292839321, 6809.292188410051, 6914.45393216396, 6822.18565459236, 6805.110635419513, 6847.544813258824, 6815.511019528104, 6777.990791584126, 6825.764352025165, 6818.239927345413, 6789.266741272057, 6869.084468723934, 6860.559066470515, 6823.865128062038, 6828.836019039373, 6805.504539774137, 6780.663540569363, 6790.697116674502, 6787.854212599858, 6782.986704531871, 6814.956133698956, 6802.856741163076], "loss": [29655.682880859375, 10623.083502604166, 9569.126409505208, 8884.449681803386, 8371.072265625, 8004.896223144531, 7723.454479166667, 7509.813768717448, 7315.22916422526, 7113.784823404948, 6950.643664550781, 6819.812140299479, 6671.022209472656, 6556.231962890625, 6442.645822753906, 6352.423229166667, 6241.822041015625, 6169.929384765625, 6084.484069824219, 6003.033990071614, 5915.960585123698, 5860.455796712239, 5805.280593261718, 5727.839463704427, 5673.27242594401, 5619.540246582032, 5564.601254882812, 5511.724750162761, 5455.478638509115, 5407.315401204427, 5377.183474121094, 5333.6058064778645, 5293.155957845052, 5249.412117513021, 5214.504428710938, 5178.736561686198, 5135.327316894532, 5102.018793945313, 5087.223548990885, 5047.446627604167, 5001.3910725911455, 4986.6736328125, 4972.311654459635, 4937.082794189453, 4892.049158121745, 4879.7994173177085, 4856.011794026693, 4830.417873942058, 4795.629042561849, 4797.757040201823, 4757.202462158203, 4742.72911336263, 4718.207782796224, 4687.583096516927, 4678.661040445963, 4657.90038289388, 4629.175585123698, 4615.260755615234, 4591.985141194661, 4587.87805094401]}